<?xml version="1.0" encoding="UTF-8"?>
<GenRun Id="synth_1" LaunchPart="xc7vx485tffg1157-1" LaunchTime="1698440404" LaunchIncrCheckpoint="$PSRCDIR/utils_1/imports/synth_1/SingleCycleTop.dcp">
  <File Type="PA-TCL" Name="SingleCycleTop.tcl"/>
  <File Type="REPORTS-TCL" Name="SingleCycleTop_reports.tcl"/>
  <File Type="RDS-RDS" Name="SingleCycleTop.vds"/>
  <File Type="RDS-UTIL" Name="SingleCycleTop_utilization_synth.rpt"/>
  <File Type="RDS-UTIL-PB" Name="SingleCycleTop_utilization_synth.pb"/>
  <File Type="RDS-DCP" Name="SingleCycleTop.dcp"/>
  <FileSet Name="sources" Type="DesignSrcs" RelSrcDir="$PSRCDIR/sources_1" RelGenDir="$PGENDIR/sources_1">
    <Filter Type="Srcs"/>
    <File Path="$PSRCDIR/sources_1/new/ALU.v">
      <FileInfo>
        <Attr Name="ImportPath" Val="$PPRDIR/../../../../../../../../Documents/ECE505/Single-Cycle-RISC-V-CPU/LundMatthew_SingleCycle/LundMatthew_SingleCycle.srcs/sources_1/new/ALU.v"/>
        <Attr Name="ImportTime" Val="1698707868"/>
        <Attr Name="UsedIn" Val="synthesis"/>
        <Attr Name="UsedIn" Val="implementation"/>
        <Attr Name="UsedIn" Val="simulation"/>
      </FileInfo>
    </File>
    <File Path="$PSRCDIR/sources_1/new/alu_control.v">
      <FileInfo>
        <Attr Name="ImportPath" Val="$PPRDIR/../../../../../../../../Documents/ECE505/Single-Cycle-RISC-V-CPU/LundMatthew_SingleCycle/LundMatthew_SingleCycle.srcs/sources_1/new/alu_control.v"/>
        <Attr Name="ImportTime" Val="1698437948"/>
        <Attr Name="UsedIn" Val="synthesis"/>
        <Attr Name="UsedIn" Val="implementation"/>
        <Attr Name="UsedIn" Val="simulation"/>
      </FileInfo>
    </File>
    <File Path="$PSRCDIR/sources_1/new/control.v">
      <FileInfo>
        <Attr Name="ImportPath" Val="$PPRDIR/../../../../../../../../Documents/ECE505/Single-Cycle-RISC-V-CPU/LundMatthew_SingleCycle/LundMatthew_SingleCycle.srcs/sources_1/new/control.v"/>
        <Attr Name="ImportTime" Val="1698706330"/>
        <Attr Name="UsedIn" Val="synthesis"/>
        <Attr Name="UsedIn" Val="implementation"/>
        <Attr Name="UsedIn" Val="simulation"/>
      </FileInfo>
    </File>
    <File Path="$PSRCDIR/sources_1/new/immgen.v">
      <FileInfo>
        <Attr Name="ImportPath" Val="$PPRDIR/../../../../../../../../Documents/ECE505/Single-Cycle-RISC-V-CPU/LundMatthew_SingleCycle/LundMatthew_SingleCycle.srcs/sources_1/new/immgen.v"/>
        <Attr Name="ImportTime" Val="1698437791"/>
        <Attr Name="UsedIn" Val="synthesis"/>
        <Attr Name="UsedIn" Val="implementation"/>
        <Attr Name="UsedIn" Val="simulation"/>
      </FileInfo>
    </File>
    <File Path="$PSRCDIR/sources_1/new/instruction_mem.v">
      <FileInfo>
        <Attr Name="ImportPath" Val="$PPRDIR/../../../../../../../../Documents/ECE505/Single-Cycle-RISC-V-CPU/LundMatthew_SingleCycle/LundMatthew_SingleCycle.srcs/sources_1/new/instruction_mem.v"/>
        <Attr Name="ImportTime" Val="1698713073"/>
        <Attr Name="UsedIn" Val="synthesis"/>
        <Attr Name="UsedIn" Val="implementation"/>
        <Attr Name="UsedIn" Val="simulation"/>
      </FileInfo>
    </File>
    <File Path="$PSRCDIR/sources_1/new/registers.v">
      <FileInfo>
        <Attr Name="ImportPath" Val="$PPRDIR/../../../../../../../../Documents/ECE505/Single-Cycle-RISC-V-CPU/LundMatthew_SingleCycle/LundMatthew_SingleCycle.srcs/sources_1/new/registers.v"/>
        <Attr Name="ImportTime" Val="1698438013"/>
        <Attr Name="UsedIn" Val="synthesis"/>
        <Attr Name="UsedIn" Val="implementation"/>
        <Attr Name="UsedIn" Val="simulation"/>
      </FileInfo>
    </File>
    <File Path="$PSRCDIR/sources_1/new/SingleCycleTop.v">
      <FileInfo>
        <Attr Name="ImportPath" Val="$PPRDIR/../../../../../../../../Documents/ECE505/Single-Cycle-RISC-V-CPU/Single-Cycle RISC-V CPU.srcs/sources_1/new/SingleCycleTop.v"/>
        <Attr Name="ImportTime" Val="1695772348"/>
        <Attr Name="UsedIn" Val="synthesis"/>
        <Attr Name="UsedIn" Val="implementation"/>
        <Attr Name="UsedIn" Val="simulation"/>
      </FileInfo>
    </File>
    <Config>
      <Option Name="DesignMode" Val="RTL"/>
      <Option Name="TopModule" Val="SingleCycleTop"/>
    </Config>
  </FileSet>
  <FileSet Name="constrs_in" Type="Constrs" RelSrcDir="$PSRCDIR/constrs_1">
    <Filter Type="Constrs"/>
    <File Path="$PSRCDIR/constrs_1/new/SingleCycleConstr.xdc">
      <FileInfo>
        <Attr Name="ImportPath" Val="$PPRDIR/../../../../../../../../Documents/ECE505/Single-Cycle-RISC-V-CPU/Single-Cycle RISC-V CPU.srcs/constrs_1/new/SingleCycleConstr.xdc"/>
        <Attr Name="ImportTime" Val="1695767168"/>
        <Attr Name="UsedIn" Val="synthesis"/>
        <Attr Name="UsedIn" Val="implementation"/>
      </FileInfo>
    </File>
    <Config>
      <Option Name="ConstrsType" Val="XDC"/>
    </Config>
  </FileSet>
  <FileSet Name="utils" Type="Utils" RelSrcDir="$PSRCDIR/utils_1">
    <Filter Type="Utils"/>
    <File Path="$PSRCDIR/utils_1/imports/synth_1/SingleCycleTop.dcp">
      <FileInfo>
        <Attr Name="ImportPath" Val="$PPRDIR/../../../../../../../../Documents/ECE505/Single-Cycle-RISC-V-CPU/Single-Cycle RISC-V CPU.srcs/utils_1/imports/synth_1/SingleCycleTop.dcp"/>
        <Attr Name="ImportTime" Val="1695771522"/>
        <Attr Name="UsedIn" Val="synthesis"/>
        <Attr Name="UsedIn" Val="implementation"/>
        <Attr Name="UsedInSteps" Val="synth_1"/>
        <Attr Name="AutoDcp" Val="1"/>
      </FileInfo>
    </File>
    <Config>
      <Option Name="TopAutoSet" Val="TRUE"/>
    </Config>
  </FileSet>
  <Strategy Version="1" Minor="2">
    <StratHandle Name="Vivado Synthesis Defaults" Flow="Vivado Synthesis 2022"/>
    <Step Id="synth_design"/>
  </Strategy>
  <BlockFileSet Type="BlockSrcs" Name="clk_wiz_0"/>
  <BlockFileSet Type="BlockSrcs" Name="blk_mem_gen_0"/>
</GenRun>
